{"metadata":{"asset_id":"4392e370-bfd8-47a2-a4a2-774ec0c256a2","asset_attributes":["data_asset","location_definition"],"name":"Improved Source of Drinking Water.csv","asset_type":"data_asset","created_at":"2025-08-04T14:39:53Z","origin_country":"us","owner_id":"IBMid-6980010B56","project_id":"877ec2da-f07a-4e5b-b4db-4988f487abfd","size":124950,"usage":{"last_update_time":1754318395370,"last_updated_at":"2025-08-04T14:39:55Z"}},"entity":{"data_asset":{"dataset":false,"mime_type":"text/csv"},"location_definition":{"physical_location_code":"LON","physical_location_code_assigned_by":"IBMid-6980010B56","physical_location_code_rds_id":"c57cb90f-2126-3800-9c9f-9eab82021cdf","physical_location_code_rds_version":"00002025-0731-4143-8144-740043000000_5","physical_location_code_assignment_method":"INFERRED","physical_location_code_added_on":"1754318395362"}},"attachments":[{"id":"db3aea93-d5f9-4a2a-bb02-479962716540","version":2,"asset_type":"data_asset","name":"Improved Source of Drinking Water.csv","mime":"text/csv","datasource_type":"193a97c1-4475-4a19-b90c-295c4fdc6517","object_key":"Improved Source of Drinking Water.csv","creator_id":"IBMid-6980010B56","create_time":1754318395367,"size":124950,"is_remote":false,"is_managed":false,"is_referenced":true,"is_object_key_read_only":true,"is_user_provided_path_key":true,"transfer_complete":true,"is_partitioned":false,"complete_time_ticks":1754318395367,"user_data":{},"test_doc":0,"handle":{"bucket":"improvedsourceofdrinkingmachinele-donotdelete-pr-wmizibasijkv1y","location":"eu-gb","type":"bluemix_cos","key":"Improved Source of Drinking Water.csv","upload_id":"done","max_part_num":1},"usage":{"access_count":0,"last_accessor_id":"IBMid-6980010B56","last_access_time":1754318395367}}]}
