{"metadata":{"asset_id":"9c44fe0f-15ef-44d5-b1f9-4dabbb0fe8a0","asset_attributes":["wml_model","location_definition"],"name":" P5 - XGB Regressor: Improved water source machine learning project","asset_type":"wml_model","created_at":"2025-08-04T14:48:39Z","origin_country":"gb","owner_id":"IBMid-6980010B56","project_id":"877ec2da-f07a-4e5b-b4db-4988f487abfd","resource_key":"bcaa2e1d-1e76-4cd9-8a16-43ad0e53c1c0","sandbox_id":"877ec2da-f07a-4e5b-b4db-4988f487abfd","size":847511,"usage":{"last_update_time":1754318920305,"last_updated_at":"2025-08-04T14:48:40Z"}},"entity":{"wml_model":{"content_import_state":"completed","content_location":{"contents":[{"content_format":"pipeline-node","file_name":"P5_automl.zip","location":"auto_ml/11f58980-e322-486f-8348-0e9255e5672a/wml_data/1db0757c-5352-4af9-a104-9b4a47b18318/assets/1db0757c-5352-4af9-a104-9b4a47b18318_P5_batch_ensemble_output/resources/wml_model/P5_automl.zip","pipeline_node_id":"automl"},{"content_format":"native","file_name":"pipeline_model.json","location":"auto_ml/11f58980-e322-486f-8348-0e9255e5672a/wml_data/1db0757c-5352-4af9-a104-9b4a47b18318/assets/1db0757c-5352-4af9-a104-9b4a47b18318_P5_batch_ensemble_output/resources/wml_model/pipeline_model.json"}],"location":{"assets_path":"auto_ml/11f58980-e322-486f-8348-0e9255e5672a/wml_data/1db0757c-5352-4af9-a104-9b4a47b18318/assets","notebooks_path":"auto_ml/11f58980-e322-486f-8348-0e9255e5672a/wml_data/1db0757c-5352-4af9-a104-9b4a47b18318/notebooks","path":"auto_ml/11f58980-e322-486f-8348-0e9255e5672a/wml_data","training":"auto_ml/11f58980-e322-486f-8348-0e9255e5672a/wml_data/1db0757c-5352-4af9-a104-9b4a47b18318","training_log":"auto_ml/11f58980-e322-486f-8348-0e9255e5672a/wml_data/1db0757c-5352-4af9-a104-9b4a47b18318/data/automl/training.log","training_status":"auto_ml/11f58980-e322-486f-8348-0e9255e5672a/wml_data/1db0757c-5352-4af9-a104-9b4a47b18318/training-status.json"},"type":"container"},"data_preprocessing":[{"input":{"columns":6,"rows":666},"output":{"columns":6,"rows":666},"props":{"type":"random"},"stage":"sampling"},{"input":{"columns":6,"rows":666},"output":{"columns":6,"rows":665},"props":{"duplicated_rows_count":0,"outliers_count":1},"stage":"cleansing"}],"hybrid_pipeline_software_specs":[{"name":"autoai-kb_rt24.1-py3.11"}],"label_column":"Value","metrics":[{"context":{"features_importance":[{"computation_type":"","features":{"Age Group":0.0193,"Gender":0.327,"NewFeature_0_log(State)":0.267,"NewFeature_1_isoforestanomaly_0":0.0006,"Sector":0.1262,"State":0.2598},"stage":"Mean"}],"incremental_training":{},"intermediate_model":{"composition_steps":["Split_TrainingHoldout","TrainingDataset_full_598_4","Column Selection","Datetime_FE","TrainingDataset_full_598_4","Preprocessor_default","DAUB","hpo_d","cognito","hpo_c","Ensemble"],"duration":44032,"location":{"model":"auto_ml/11f58980-e322-486f-8348-0e9255e5672a/wml_data/1db0757c-5352-4af9-a104-9b4a47b18318/data/automl/batch_ensemble_output/Pipeline1/model.pickle","pipeline":"auto_ml/11f58980-e322-486f-8348-0e9255e5672a/wml_data/1db0757c-5352-4af9-a104-9b4a47b18318/data/automl/batch_ensemble_output/Pipeline1/pipeline.json","pipeline_model":"auto_ml/11f58980-e322-486f-8348-0e9255e5672a/wml_data/1db0757c-5352-4af9-a104-9b4a47b18318/data/automl/batch_ensemble_output/Pipeline1/pipeline-model.json"},"name":"P5","notebook_location":"auto_ml/11f58980-e322-486f-8348-0e9255e5672a/wml_data/1db0757c-5352-4af9-a104-9b4a47b18318/data/automl/batch_ensemble_output/Pipeline1/incremental_learning_notebook.ipynb","pipeline_nodes":["ColumnSelector","PreprocessingTransformer","autoai_libs.cognito.transforms.transform_utils.TA1","autoai_libs.cognito.transforms.transform_utils.FS1","autoai_libs.cognito.transforms.transform_utils.TAM","autoai_libs.cognito.transforms.transform_utils.FS1","BatchedTreeEnsembleRegressor(base_estimator=XGBRegressor)"],"process":"batch_ensemble_output","schema_location":"auto_ml/11f58980-e322-486f-8348-0e9255e5672a/wml_data/1db0757c-5352-4af9-a104-9b4a47b18318/data/automl/batch_ensemble_output/Pipeline1/schema.json"},"phase":"batch_ensemble_output","prediction_type":"regression","target_column":"Value"},"ml_metrics":{"holdout_explained_variance":0.9414992928504944,"holdout_neg_mean_absolute_error":-2.3971729278564453,"holdout_neg_mean_squared_error":-11.362123489379883,"holdout_neg_mean_squared_log_error":-0.0017008297145366669,"holdout_neg_median_absolute_error":-1.6637039184570312,"holdout_neg_root_mean_squared_error":-3.3707749093316632,"holdout_neg_root_mean_squared_log_error":-0.041241116795458714,"holdout_r2":0.9408179512585895,"training_explained_variance":0.8885383804639181,"training_neg_mean_absolute_error":-3.4069906075795493,"training_neg_mean_squared_error":-23.21951897939046,"training_neg_mean_squared_log_error":-0.0047324958723038435,"training_neg_median_absolute_error":-2.4084014892578125,"training_neg_root_mean_squared_error":-4.771462650008478,"training_neg_root_mean_squared_log_error":-0.06780580401018461,"training_r2":0.8868485330611192},"timestamp":"2025-08-04T14:45:59Z"}],"pipeline":{"id":"fdf37648-1a28-4c08-8143-334e95d8ad86"},"schemas":{"input":[{"fields":[{"name":"State","nullable":false,"type":"other"},{"name":"Age Group","nullable":false,"type":"other"},{"name":"Sector","nullable":false,"type":"other"},{"name":"Gender","nullable":false,"type":"other"},{"name":"Indicator","nullable":false,"type":"other"}],"id":"auto_ai_kb_input_schema"}],"output":[]},"software_spec":{"id":"8c1a58c6-62b5-4dc4-987a-df751c2756b6","name":"hybrid_0.1"},"training_data_references":[{"connection":{},"id":"Improved Source of Drinking Water.csv","location":{"href":"/v2/assets/4392e370-bfd8-47a2-a4a2-774ec0c256a2?project_id=877ec2da-f07a-4e5b-b4db-4988f487abfd","id":"4392e370-bfd8-47a2-a4a2-774ec0c256a2","project_id":"877ec2da-f07a-4e5b-b4db-4988f487abfd","userfs":"false"},"schema":{"fields":[{"name":"State","nullable":false,"type":"other"},{"name":"Age Group","nullable":false,"type":"other"},{"name":"Sector","nullable":false,"type":"other"},{"name":"Gender","nullable":false,"type":"other"},{"name":"Indicator","nullable":false,"type":"other"},{"name":"Value","nullable":false,"type":"double"}],"id":"auto_ai_kb_input_schema"},"type":"data_asset"}],"training_id":"1db0757c-5352-4af9-a104-9b4a47b18318","type":"wml-hybrid_0.1","ml_version":"4.0.19"}},"attachments":[{"id":"0767dae4-d5ea-4aa8-b01d-65e10029065a","version":2,"asset_type":"wml_model","name":"P5_automl.zip","datasource_type":"193a97c1-4475-4a19-b90c-295c4fdc6517","creator_id":"IBMid-6980010B56","create_time":1754318919375,"size":845295,"is_remote":false,"is_managed":true,"is_referenced":false,"is_object_key_read_only":false,"is_user_provided_path_key":false,"transfer_complete":true,"is_partitioned":false,"complete_time_ticks":1754318920205,"user_data":{"content_format":"pipeline-node","pipeline_node_id":"automl"},"test_doc":0,"handle":{"bucket":"improvedsourceofdrinkingmachinele-donotdelete-pr-wmizibasijkv1y","location":"eu-gb","type":"bluemix_cos","key":"cb996116-83b9-4a4d-988e-3f6fb3947a9d/9c44fe0f-15ef-44d5-b1f9-4dabbb0fe8a0/0767dae4-d5ea-4aa8-b01d-65e10029065a","upload_id":"done","max_part_num":1},"usage":{"access_count":1,"last_accessor_id":"IBMid-6980010B56","last_access_time":1754318920205,"last_updater_id":"IBMid-6980010B56","last_update_time":1754318920205}},{"id":"83c15316-cea3-40a4-9f03-4b6d103ed360","version":2,"asset_type":"wml_model","name":"pipeline_model.json","datasource_type":"193a97c1-4475-4a19-b90c-295c4fdc6517","creator_id":"IBMid-6980010B56","create_time":1754318919438,"size":2216,"is_remote":false,"is_managed":true,"is_referenced":false,"is_object_key_read_only":false,"is_user_provided_path_key":false,"transfer_complete":true,"is_partitioned":false,"complete_time_ticks":1754318920305,"user_data":{"content_format":"native"},"test_doc":0,"handle":{"bucket":"improvedsourceofdrinkingmachinele-donotdelete-pr-wmizibasijkv1y","location":"eu-gb","type":"bluemix_cos","key":"cb996116-83b9-4a4d-988e-3f6fb3947a9d/9c44fe0f-15ef-44d5-b1f9-4dabbb0fe8a0/83c15316-cea3-40a4-9f03-4b6d103ed360","upload_id":"done","max_part_num":1},"usage":{"access_count":1,"last_accessor_id":"IBMid-6980010B56","last_access_time":1754318920305,"last_updater_id":"IBMid-6980010B56","last_update_time":1754318920305}}]}
