{"metadata":{"asset_id":"fdf37648-1a28-4c08-8143-334e95d8ad86","asset_attributes":["wml_pipeline"],"name":"Improved water source machine learning project","asset_type":"wml_pipeline","created_at":"2025-08-04T14:44:04Z","origin_country":"us","owner_id":"IBMid-6980010B56","project_id":"877ec2da-f07a-4e5b-b4db-4988f487abfd","sandbox_id":"877ec2da-f07a-4e5b-b4db-4988f487abfd","size":0,"tags":["dsx-project.877ec2da-f07a-4e5b-b4db-4988f487abfd"],"usage":{"last_update_time":1754318644595,"last_updated_at":"2025-08-04T14:44:04Z"}},"entity":{"wml_pipeline":{"document":{"doc_type":"pipeline","pipelines":[{"id":"autoai","nodes":[{"id":"automl","op":"kube","parameters":{"incremental_learning":false,"input_file_separator":",","n_parallel_data_connections":4,"one_vs_all_file":true,"optimization":{"compute_pipeline_notebooks_flag":true,"cv_num_folds":3,"daub_adaptive_subsampling_max_mem_usage":15000000000,"feature_selector_mode":"auto","global_stage_include_batched_ensemble_estimators":["BatchedTreeEnsembleRegressor(ExtraTreesRegressor)","BatchedTreeEnsembleRegressor(LGBMRegressor)","BatchedTreeEnsembleRegressor(RandomForestRegressor)","BatchedTreeEnsembleRegressor(SnapBoostingMachineRegressor)","BatchedTreeEnsembleRegressor(SnapRandomForestRegressor)","BatchedTreeEnsembleRegressor(XGBRegressor)"],"holdout_param":0.1,"label":"Value","learning_type":"regression","max_num_daub_ensembles":2,"run_cognito_flag":true,"scorer_for_ranking":"neg_root_mean_squared_error"},"output_logs":true,"stage_flag":true},"runtime_ref":"autoai","type":"execution_node"}],"runtime_ref":"hybrid"}],"primary_pipeline":"autoai","runtimes":[{"app_data":{"wml_data":{"hardware_spec":{"id":"a6c4923b-b8e4-444c-9f43-8a7ec3020110","name":"L"}}},"id":"autoai","name":"auto_ai.kb"}],"version":"2.0"},"ml_version":"4.0.5"}}}
